,engine_id,cycle,op_setting_1,op_setting_2,sensor_2,sensor_3,sensor_4,sensor_6,sensor_7,sensor_8,sensor_9,sensor_11,sensor_12,sensor_13,sensor_14,sensor_15,sensor_17,sensor_20,sensor_21,RUL
count,20631.0,20631.0,20631.0,20631.0,20631.0,20631.0,20631.0,20631.0,20631.0,20631.0,20631.0,20631.0,20631.0,20631.0,20631.0,20631.0,20631.0,20631.0,20631.0,20631.0
mean,51.506567786340945,108.80786195530997,-8.870146866366145e-06,2.3508312733265463e-06,642.6809335466046,1590.5231186079202,1408.9337816877514,21.609803208763513,553.367711211284,2388.0966516407348,9065.242940720276,47.54116814502448,521.4134700208424,2388.0961523920314,8143.752722117203,8.442145581891328,393.2106538703892,38.81627066065629,23.289705360864716,107.80786195530997
std,29.227632908799244,68.88099017721821,0.002187313449015146,0.00029306212456614496,0.5000532700606232,6.131149519690819,9.000604780543714,0.0013889849127073114,0.8850922576634073,0.07098547889092417,22.082879525066232,0.2670873986396848,0.7375533922097114,0.07191891569857814,19.076175975953106,0.03750503795196652,1.548763024614299,0.18074642787366083,0.10825087474491234,68.8809901772182
min,1.0,1.0,-0.0087,-0.0006,641.21,1571.04,1382.25,21.6,549.85,2387.9,9021.73,46.85,518.69,2387.88,8099.94,8.3249,388.0,38.14,22.8942,0.0
25%,26.0,52.0,-0.0015,-0.0002,642.325,1586.26,1402.36,21.61,552.81,2388.05,9053.1,47.35,520.96,2388.04,8133.245,8.4149,392.0,38.7,23.2218,51.0
50%,52.0,104.0,0.0,0.0,642.64,1590.1,1408.04,21.61,553.44,2388.09,9060.66,47.51,521.48,2388.09,8140.54,8.4389,393.0,38.83,23.2979,103.0
75%,77.0,156.0,0.0015,0.0003,643.0,1594.38,1414.5549999999998,21.61,554.01,2388.14,9069.42,47.7,521.95,2388.14,8148.31,8.4656,394.0,38.95,23.3668,155.0
max,100.0,362.0,0.0087,0.0006,644.53,1616.91,1441.49,21.61,556.06,2388.56,9244.59,48.53,523.38,2388.56,8293.72,8.5848,400.0,39.43,23.6184,361.0
