Model,MAE,RMSE,R2
Random Forest,25.450433729101043,35.93435947447518,0.7173700821322665
XGBoost,22.532867431640625,31.767960402038227,0.7791094779968262
